Item Id,Item Name,Price,Sales,Nome da loja,Commission Rate,Commission,Product Link,Offer Link
58205249252,Filamento PETG Premium Masterprint e FusionX High-Speed 1Kg 1.75mm l impressora 3D,"74,90",1mil+,IbiPrint3D,8%,"R$5,99",https://shopee.com.br/product/1743901037/58205249252,https://s.shopee.com.br/AKaXdMDZsK
19875027212,Nozes 1Kg Chilena Premium Quartz Pedaço Extra Light - P&P,"55,22",6mil+,P&P FIT,8%,"R$4,42",https://shopee.com.br/product/394192376/19875027212,https://s.shopee.com.br/AUtxpfCwXN
58258745797,Kit 2 Cabos SATA 6Gb/s SSD HD SATA3 Reto + 90° Preto Com Trava Metálica 40cm,"12,90",1mil+,Bit_diverse,8%,"R$1,03",https://shopee.com.br/product/1566233969/58258745797,https://s.shopee.com.br/9zxhEkEqYI
22893643719,Escorredor De Louça Cozinha Pratos E Talheres Plastico Top Casa,"32,90",10mil+,TeamL,8%,"R$2,63",https://shopee.com.br/product/683016383/22893643719,https://s.shopee.com.br/AAH7R3EDDL
23199469135,Kit 30 Painéis EPS com 2 cm 50x100cm Antichamas,"145,00",1mil+,ISO&home,8%,"R$11,60",https://shopee.com.br/product/351505423/23199469135,https://s.shopee.com.br/5foi4mVLLU
10569310442,1Kg Sal Rosa do Himalaia Fino Original – P&P,"11,97",4mil+,P&P FIT,8%,"R$0,96",https://shopee.com.br/product/394192376/10569310442,https://s.shopee.com.br/5q88H5Ui0X
58265069778,Case para HD e SSD 2.5 SATA USB 3.0 Externo com Capa de Proteção Bag,"14,99",392,Mira.store,8%,"R$1,20",https://shopee.com.br/product/1544410664/58265069778,https://s.shopee.com.br/5LBrgAWc1S
23012031505,Mini unidade Flash TYPE-C 128GB/512GB/2TB TYPE-C e Interface dupla USB3.0,"19,00",4mil+, wanzehuitong.br,8%,"R$1,52",https://shopee.com.br/product/756615345/23012031505,https://s.shopee.com.br/5VVHsTVygV
58260087298,"TP-Link EX1500 Roteador Wi-Fi 6 AX1500 Dual Band, 4 portas Gigabit","179,00",865,TP-Link Brasil,8%,"R$14,32",https://shopee.com.br/product/1719323300/58260087298,https://s.shopee.com.br/6L4Os0Snzg
58207147550,Combo Teclado e Mouse Sem Fio ABNT2 USB Office 5+ Cor Preto,"42,90",3mil+,NINJA PLACE,8%,"R$3,43",https://shopee.com.br/product/869218988/58207147550,https://s.shopee.com.br/6VNp4JSAej
23899428668,Tábua De Corte 304 Aço Inoxidável Antibacteriana À Prova De Mofo 46 cm tábua de cozinha,"25,98",2mil+,Domus Charm,8%,"R$2,08",https://shopee.com.br/product/1412103756/23899428668,https://s.shopee.com.br/60RYTOU4fe
22098762052,1000 Palitos Espetos varetas de Bambu Para Churrasco 18cm 25cm e 30cm,"32,00",3mil+,Mikeko atacadista,8%,"R$2,56",https://shopee.com.br/product/1491882146/22098762052,https://s.shopee.com.br/6AkyfhTRKh
19000529650,Ameixa Seca Sem Caroço - Embalado a Vácuo - P&P FIT,"55,99",20mil+,P&P FIT,8%,"R$4,48",https://shopee.com.br/product/394192376/19000529650,https://s.shopee.com.br/70K5fEQGds
24235727112,"Unidade de estado sólido interna de alta velocidade SATA III de 2.5 ""SSD 120 GB/256 GB/240 GB","94,25",2mil+,somnambulist.br,8%,"R$7,54",https://shopee.com.br/product/993120827/24235727112,https://s.shopee.com.br/7AdVrXPdIv
20097980485,Case De Gaveta Usb 3.0 Hd 2.5 Sata Externo - Alta Qualidade,"15,99",3mil+,JIMMY.STORE,8%,"R$1,28",https://shopee.com.br/product/1127030290/20097980485,https://s.shopee.com.br/6fhFGcRXJq
23898126785,Tinta Compativel Para Epson Preta Black L3250 L3150 L3110 L3210 L1250,"16,90",1mil+,LMSHOPINGA,8%,"R$1,35",https://shopee.com.br/product/651347947/23898126785,https://s.shopee.com.br/6q0fSvQtyt
22997741708,Cabo de Rede RJ45 Cat6 Alta Velocidade para Internet - Disponível em 10M 20M 30M (Interno/Externo),"19,99",20mil+,AUMOX,8%,"R$1,60",https://shopee.com.br/product/1223506816/22997741708,https://s.shopee.com.br/7fZmSSNjI4
58254819347,"Cabo Força Tripolar 1,50m Fonte Pc Televisão Monitor Padrão","9,78",6mil+,Bebe.Amar,8%,"R$0,78",https://shopee.com.br/product/1124742730/58254819347,https://s.shopee.com.br/7ptCelN5x7
20499842973,"Case Para HD de 2,5 Polegadas Com USB 3.1 e Led Colorido ECASE-352 INFOKIT","24,81",2mil+,VOOLOJA,8%,"R$1,98",https://shopee.com.br/product/419433874/20499842973,https://s.shopee.com.br/7Kww3qOzy2
54511505549,Filamento 3d eSun PLA Basic 1kg - Varias Cores,"119,00",2mil+,ModuLaud,8%,"R$9,52",https://shopee.com.br/product/353920957/54511505549,https://s.shopee.com.br/7VGMG9OMd5
23329181038,MIX PREMIUM NUTS Castanha de Caju/Castanha do Pará/Amêndoas/Nozes/Cranberry/Uva Passas/Amendoim 500G/1KG,"27,90",200mil+,DeliverySaúde,7%,"R$1,95",https://shopee.com.br/product/424928448/23329181038,https://s.shopee.com.br/30nwtsfUlE
58201523970,Tapete de Banheiro Absorvente Antiderrapante Secagem Rápida,"11,98",100mil+,LuxeElectra,7%,"R$0,84",https://shopee.com.br/product/1064041485/58201523970,https://s.shopee.com.br/3B7N6BerQH
17826385154,Castanha Do Pará Inteira Premium SAFRA NOVA [COM ATM]  - 250G/500G/1KG - Indústria Rei das Castanhas,"29,90",100mil+,Rei das Castanhas,7%,"R$2,09",https://shopee.com.br/product/720953155/17826385154,https://s.shopee.com.br/2gB6VGglRC
16463627108,Farelo de Aveia 1Kg,"12,97",70mil+,TerraVitta,7%,"R$0,91",https://shopee.com.br/product/657120589/16463627108,https://s.shopee.com.br/2qUWhZg86F
18699370941,Brinquedo Comidinha Cozinha Frutas e Verdura,"19,99",10mil+,bloomy s2,7%,"R$1,40",https://shopee.com.br/product/984908209/18699370941,https://s.shopee.com.br/3g3dh6cxPQ
49108107903,Kit 10 Pote Hermético Empilháveis Porta Mantimento Cozinha Organizador Rebirth,"79,40",3mil+,EM CASA ENCONTRA,7%,"R$5,56",https://shopee.com.br/product/528261467/49108107903,https://s.shopee.com.br/3qN3tPcK4T
41559408264,"Adaptador USB tipo C para transferência de dados entre computadores, telefones, mouses, teclados e dispositivos.","3,95",10mil+,Value Choice,7%,"R$0,28",https://shopee.com.br/product/230709939/41559408264,https://s.shopee.com.br/3LQnIUeE5O
20699592490,Filamento PETG / PLA MasterPrint Premium 1Kg Impressora 3D Várias Cores,"79,90",10mil+,Jasaiu Store,7%,"R$5,59",https://shopee.com.br/product/1321414350/20699592490,https://s.shopee.com.br/3VkDUndakR
18698124672,"STRAIK Gel Mata Baratas - O Melhor Aprovado Pela Anvisa, Atrativo, Sem Cheiro, Baixa Toxicidade","18,80",2mil+,Pet & Fitness,7%,"R$1,32",https://shopee.com.br/product/873894892/18698124672,https://s.shopee.com.br/4LJKUKaQ3c
3743287858,Kit Gamer Teclado Semi Mecânico + Mouse 2400dpi Usb Rgb Iluminado Jogos Pc,"51,99",30mil+,SUPER COMPRAS.SHOP,7%,"R$3,64",https://shopee.com.br/product/287296555/3743287858,https://s.shopee.com.br/4VckgdZmif
58265543926,"Fatiador de Legumes com Lâmina de Aço Inoxidável, Cabo de Madeira, Corta Couve e Repolho Fino e Abridor de Garrafas","13,99",2mil+,OCASA,7%,"R$0,98",https://shopee.com.br/product/1832291532/58265543926,https://s.shopee.com.br/40gU5ibgja
58252014802,Tábua De Corte 304 Aço Inoxidável Antibacteriana À Prova De Mofo 46 cm tábua de cozinha REAL,"32,99",9mil+,REAL LIFE.BR,7%,"R$2,31",https://shopee.com.br/product/1412882242/58252014802,https://s.shopee.com.br/4AzuI1b3Od
23298752448,Hub Adaptador USB 7 Em 1 USB 3.0 USB 2.0 USB-C Expansor De Portas Alta Velocidade Para Notebook PC MacBook Plug Play,"31,99",4mil+,ANJ.GG store,7%,"R$2,24",https://shopee.com.br/product/391739739/23298752448,https://s.shopee.com.br/50Z1HYXsho
19797760988,Repetidor Amplificador De Sinal Wifi 600/mbps Ultra Rápido sinal forte,"35,79",40mil+,LIULIU,7%,"R$2,51",https://shopee.com.br/product/1066052934/19797760988,https://s.shopee.com.br/5AsRTrXFMr
21198270668,Adoçante Suquinha Diet 100g - Kerry,"34,90",2mil+,Doce & Festa Distribuidora,7%,"R$2,44",https://shopee.com.br/product/1502131091/21198270668,https://s.shopee.com.br/4fwAswZ9Nm
19099597016,Repetidor Amplificador De Sinal Wifi 600/mbps Ultra Rápido sinal forte,"35,89",7mil+,JinLaiLai,7%,"R$2,51",https://shopee.com.br/product/1231432878/19099597016,https://s.shopee.com.br/4qFb5FYW2p
16557484583,Grão de Bico 8mm,"17,97",10mil+,TerraVitta,7%,"R$1,26",https://shopee.com.br/product/657120589/16557484583,https://s.shopee.com.br/LnBiypeAy
22593099688,Suporte Expositor Giratorio Eletrico Para Vitrine Produtos E Foto Preto branco,"47,72",8mil+,LanChi,7%,"R$3,34",https://shopee.com.br/product/1210714652/22593099688,https://s.shopee.com.br/W6bvHp0q1
21397758684,Profissional Multiuso Cozinha Slicer Aço Inox 16 em 1 Fatiador Cortador Ralador De Legumes Verduras Frutas Alimentos,"35,99",10mil+,MAXMULTI,7%,"R$2,52",https://shopee.com.br/product/1134696185/21397758684,https://s.shopee.com.br/1ALKMquqw
22393975400,MousePad Grande Rosa Desk Pad Couro Gamer Office,"20,90",30mil+,PrismaCar,7%,"R$1,46",https://shopee.com.br/product/500815088/22393975400,https://s.shopee.com.br/BTlWfqHVz
24535549991,Adaptador USB Tipo C para Transferência de Dados de Computadores e Telefones,"3,67",30mil+,Choice Oficial,7%,"R$0,26",https://shopee.com.br/product/1006215031/24535549991,https://s.shopee.com.br/112sWCn6pA
14048894634,Páprica Defumada Pó,"15,97",20mil+,TerraVitta,7%,"R$1,12",https://shopee.com.br/product/657120589/14048894634,https://s.shopee.com.br/1BMIiVmTUD
58261962536,Kit 2em1 Escorredor Talheres + Dispenser Detergente Aço Inox Bancada Cozinha,"55,99",1mil+,NOVO DIA COMERCIO E IMPORTACAO LTDA,7%,"R$3,92",https://shopee.com.br/product/1348601027/58261962536,https://s.shopee.com.br/gQ27aoNV8
11786007419,Tempero Chimichurri Sem Pimenta Premium,"16,97",10mil+,TerraVitta,7%,"R$1,19",https://shopee.com.br/product/657120589/11786007419,https://s.shopee.com.br/qjSJtnkAB
18131246786,Arroz Integral 8 Grãos,"14,02",2mil+,TerraVitta,7%,"R$0,98",https://shopee.com.br/product/657120589/18131246786,https://s.shopee.com.br/1gIZJQkZTM
14848906507,Tempero Edu - Premium,"20,31",6mil+,TerraVitta,7%,"R$1,42",https://shopee.com.br/product/657120589/14848906507,https://s.shopee.com.br/1qbzVjjw8P
17794149938,Hub USB Tipo C 4 Portas 3.0 e 2.0 Adaptador Notebook PC Expansor USB Alta Velocidade,"12,99",20mil+,ANJ.GG store,7%,"R$0,91",https://shopee.com.br/product/391739739/17794149938,https://s.shopee.com.br/1Lfiuolq9K
53352535652,Pastilha Mini 5 Com 100 Unidades 240g - Docile,"19,90",1mil+,Distribuidora Fala Comigo,7%,"R$1,39",https://shopee.com.br/product/590593203/53352535652,https://s.shopee.com.br/1Vz977lCoN
23094296971,Kit Potes Açúcar Condimentos Com Bandeija Aço Inox 304 Esférico Cozinha Luxuoso Moderno Organizador,"29,90",2mil+,Belonking Modas,7%,"R$2,09",https://shopee.com.br/product/392003162/23094296971,https://s.shopee.com.br/2LYG6ei27Y
48166473429,Colher De Almôndegas De Aço Inoxidável-Molde De Croquetes-Manual Para Fazer Bolas De Peixe Bolinhos De Carne De Arroz-Pr,"9,59",3mil+,LifeTreasureChest,7%,"R$0,67",https://shopee.com.br/product/207433943/48166473429,https://s.shopee.com.br/2VrgIxhOmb
21099544323,Kit Sushi Completo Alga Marinha Arroz Japonês Vinagre de Arroz Panko Shoyu Molho Tarê Esteira,"88,90",5mil+,Fujiyama Produtos Orientais,7%,"R$6,22",https://shopee.com.br/product/534245533/21099544323,https://s.shopee.com.br/20vPi2jInW
20775256726,Repetidor De Sinal Wi-Fi Amplificador Wireless Expansor De Rede Potente Envio Imediato,"35,99",9mil+,lojamegas,7%,"R$2,52",https://shopee.com.br/product/872424585/20775256726,https://s.shopee.com.br/2BEpuLifSZ
58210117276,"Kit Gamer Teclado + Mouse Branco RGB LED USB ABNT2 profissional– Iluminado, Conforto e Performance","49,90",967,MixMania BR,7%,"R$3,49",https://shopee.com.br/product/1447668497/58210117276,https://s.shopee.com.br/8V8tRzKYbo
18197643101,Conector neon Mangueira Led 110-220v,"10,00",6mil+,Librailuminacao,7%,"R$0,70",https://shopee.com.br/product/1182328760/18197643101,https://s.shopee.com.br/8KpTFgLBwn
43918812043,Refil Filamento Pla Kit 10 Cores Variadas 120/110/100/60/50m para Caneta 3d e Impressora 3d,"15,90",2mil+,Damai222.br,7%,"R$1,11",https://shopee.com.br/product/1584386093/43918812043,https://s.shopee.com.br/8AW33NLpHm
23099558510,Pen Drives e OTGs USB 8GB 16GB 32GB 64GB 128GB Cruzer Lâmina 2.0 Flash Drive Memory Stick PenDrive,"20,55",2mil+,LU LTDA,7%,"R$1,44",https://shopee.com.br/product/1697250905/23099558510,https://s.shopee.com.br/80Ccr4MScl
58263365381,Tapete de Silicone Antiderrapante com Ventosas – 2 em 1: Limpeza e Massagem – Para Pés e Costas – Fixação Segura no Box,"19,99",1mil+,JinLaiLai,7%,"R$1,40",https://shopee.com.br/product/1231432878/58263365381,https://s.shopee.com.br/9AOaFDI1G0
13976038030,Arroz Japonês Grão Curto 1Kg Guin,"21,90",2mil+,Natori Foods,7%,"R$1,53",https://shopee.com.br/product/660607358/13976038030,https://s.shopee.com.br/905A2uIeaz
58261933381,Kit de Teclado e Mouse Sem Fio Bluetooth Macaron com Design Moderno Destinado a PC iPad Tablet e Notebook,"33,99",1mil+,JinLaiLai,7%,"R$2,38",https://shopee.com.br/product/1231432878/58261933381,https://s.shopee.com.br/8pljqbJHvy
58251435743,Escorredor de Massa + Lava Arroz Inox lindas peças para a sua cozinha e presente,"35,90",4mil+,STANSHOPE,7%,"R$2,51",https://shopee.com.br/product/1349986216/58251435743,https://s.shopee.com.br/8fSJeIJvGx
23594243643,MousePad Grande Caramelo Desk Pad Couro Gamer Office,"20,90",7mil+,PrismaCar,7%,"R$1,46",https://shopee.com.br/product/500815088/23594243643,https://s.shopee.com.br/9peH2RFTuC
23897584764,Kit 02 Feltro Almofada Esponja Absolvente para Epson L3100 L3110 L3115 L3150 L3250 L3160 L5190 L5290,"18,90",10mil+,Rastoy Informática,7%,"R$1,32",https://shopee.com.br/product/396308732/23897584764,https://s.shopee.com.br/9fKqq8G7FB
58261454344,Mouse com Fio Silencioso H'maston MS01 USB 3 Botões 1000/1600 DPI para PC Notebook Escritório MS01,"19,99",1mil+,EXEED SHOPPING,7%,"R$1,40",https://shopee.com.br/product/1283919228/58261454344,https://s.shopee.com.br/9V1QdpGkaA
58215217850,Mouse Vertical Ergonômico Sem Fio Recarregável USB Bluetooth Silencioso Ortopédico Mão Direita PC Gamer Super ,"36,99",1mil+,CLICK TECH BR,7%,"R$2,59",https://shopee.com.br/product/1372008216/58215217850,https://s.shopee.com.br/9Ki0RWHNv9
43904678165,Leitor De Cartão SD USB C Para TF Adaptador Multiporta 3 Em 1 iPhone iPad MacBook Galaxy Laptop,"10,51",30mil+,Choice Oficial,7%,"R$0,74",https://shopee.com.br/product/1006215031/43904678165,https://s.shopee.com.br/AUtxpfCwYO
58207932681,"Monte Seu Kit 12 Temperos 100g Cada Escolha Sabores Total 1,2kg Completo","36,99",2mil+,IMPERIAL TEMPEROS,7%,"R$2,59",https://shopee.com.br/product/795675717/58207932681,https://s.shopee.com.br/AKaXdMDZtN
58200908577,Mouse Home Office Sem Fio - Bateria Interna Recarregável e LED RGB Wireless,"21,90",30mil+,Haishop_lampadas,6%,"R$1,31",https://shopee.com.br/product/1351555956/58200908577,https://s.shopee.com.br/AAH7R3EDEM
22594205202,Fatiador Profissional Multifuncional De Aço Inoxidável 16 Em 1 Para Vegetais/Frutas/Legumes,"34,99",100mil+,VIVALAR SHOP,6%,"R$2,10",https://shopee.com.br/product/1357069533/22594205202,https://s.shopee.com.br/9zxhEkEqZL
58212495202,Suporte para Roteador e Modem de Parede Sem Furo com Fita 3M Universal Organizador WiFi Adesivo,"10,90",4mil+,DOP3D,6%,"R$0,65",https://shopee.com.br/product/1598326440/58212495202,https://s.shopee.com.br/5q88H5Ui1Y
40381592766,Caneta 3D Impressora Com Produto Lacrado + Refil,"29,90",4mil+,miaonuo22.br,6%,"R$1,79",https://shopee.com.br/product/1640657662/40381592766,https://s.shopee.com.br/5foi4mVLMX
21199212964,Kit Cozinha Completa: Escorredor de Louça + Lixeira 5L + Porta Detergente + Rodinho de Pia,"35,97",40mil+,Utilidades Alencar,6%,"R$2,16",https://shopee.com.br/product/754451852/21199212964,https://s.shopee.com.br/5VVHsTVyhW
22898870187,Fatiador Ralador 16 em 1 Profissional de Cozinha em Aço Inoxidável Multifuncional para Legumes Frutas e Verduras,"34,99",30mil+,Lin Tech,6%,"R$2,10",https://shopee.com.br/product/1601586606/22898870187,https://s.shopee.com.br/5LBrgAWc2V
23798678131,Cortador De Milho Verde Profissional Em Aço Inóx Lançamento,"9,99",10mil+,A Rainha Do La,6%,"R$0,60",https://shopee.com.br/product/1508524367/23798678131,https://s.shopee.com.br/6VNp4JSAfk
21797411616,Kit Teclado e Mouse Sem Fio Bluetooth Colorido Macaron Para PC iPad Tablet Notebook,"35,96",40mil+,NEZHA SHOP,6%,"R$2,16",https://shopee.com.br/product/397374716/21797411616,https://s.shopee.com.br/6L4Os0So0j
19197522220,"Filamento PLA Velvet Premium 1Kg 1,75mm Efeito Aveludado Impressora 3D FDM Voolt3D Oficial","104,90",7mil+,Voolt3D Oficial,6%,"R$6,29",https://shopee.com.br/product/313159848/19197522220,https://s.shopee.com.br/6AkyfhTRLi
52763574749,"Serviço de garantia, qualidade, pós-venda, caneta 3D de serviço exclusivo","144,58",10mil+,MaxTudo Loja,6%,"R$8,67",https://shopee.com.br/product/1662583623/52763574749,https://s.shopee.com.br/60RYTOU4gh
22394329408,kit Tapete para Banheiro de Secagem Rápida e Super Absorvente Ideal para Chuveiro Cozinha e Varanda,"12,99",50mil+,VIVALAR SHOP,6%,"R$0,78",https://shopee.com.br/product/1357069533/22394329408,https://s.shopee.com.br/7AdVrXPdJw
19297664481,"Filamento PLA Preto Velvet Premium 1Kg 1,75mm Efeito Aveludado Impressora 3D FDM Voolt3D Oficial","104,90",6mil+,Voolt3D Oficial,6%,"R$6,29",https://shopee.com.br/product/313159848/19297664481,https://s.shopee.com.br/70K5fEQGev
22591649689,Mouse Gamer iluminação RGB design ergonômico confortável 4800 DPI,"30,96",20mil+,NEZHA SHOP,6%,"R$1,86",https://shopee.com.br/product/397374716/22591649689,https://s.shopee.com.br/6q0fSvQtzu
21697387036,Kit Tapete Jogo Passadeira Cozinha Belga Antiderrapante 2 Pç Promoção,"26,50",40mil+,CASA NOVA ENXOVAIS E DECORAÇÃO,6%,"R$1,59",https://shopee.com.br/product/313984108/21697387036,https://s.shopee.com.br/6fhFGcRXKt
22799346368,Kit 3-7 Fan Ventoinhas Controladora RGB Gamer 120mm AITEK DELTA C1263P Controle de Cores,"79,90",828,J' Store,6%,"R$4,79",https://shopee.com.br/product/1351688002/22799346368,https://s.shopee.com.br/7ptCelN5y8
58205867172,Mouse Recarregável Wireless Home Office - Bateria Interna e LED RGB,"21,90",10mil+,_sg1fpalr9,6%,"R$1,31",https://shopee.com.br/product/1502179324/58205867172,https://s.shopee.com.br/7fZmSSNjJ7
58265784782,Faca  descascador fatiador couve e repolho fininha multifuncional para cozinha premium,"26,00",2mil+,RK Comercio eletrônico,5%,"R$1,30",https://shopee.com.br/product/1817736963/58265784782,https://s.shopee.com.br/7VGMG9OMe6
58212428779,"Kit2/3/6 Recipientes para separar e conservar frutas e verduras, próprios para geladeira e micro-ondas.","37,89",5mil+,NZ.SHOP,5%,"R$1,89",https://shopee.com.br/product/1202669405/58212428779,https://s.shopee.com.br/7Kww3qOzz5
22598750011,Colheres Medidoras de Aço Inoxidável com Cabo de Madeira – Dourado Luxo para Cozinha Moderna,"18,99",8mil+,Confortinha Casa,5%,"R$0,95",https://shopee.com.br/product/1255873706/22598750011,https://s.shopee.com.br/3B7N6BerRI
22194707732,"Cabo de força Bipolar Padrão (8) 1,2m 2 Pinos 10A p/ Rádio TV Vídeo Game PS2 Som Cabo de Alimentação de Energia Bivolt","10,00",5mil+,Look capas e acessórios,5%,"R$0,50",https://shopee.com.br/product/1269512290/22194707732,https://s.shopee.com.br/30nwtsfUmH
23694646400,Pendrive USB 8GB 16GB 32GB 64GB Cruzer Lâmina 2.0 Flash Drive Memory Stick 4.5 20 Avaliações,"17,99",2mil+,Look capas e acessórios,5%,"R$0,90",https://shopee.com.br/product/1269512290/23694646400,https://s.shopee.com.br/2qUWhZg87G
28337731551,Mesa Para Notebook Portátil Dobrável Articulada em Mdf Suporte para Laptop Cama Estudo Porta Tablet,"44,90",7mil+,TIGA SHOP,5%,"R$2,25",https://shopee.com.br/product/579881380/28337731551,https://s.shopee.com.br/2gB6VGglSF
18499795897,Alumínio Escorredor Armazenamento De Cozinha Rack De Toalhas Esponja Drenagem De Sabonete Prateleira,"20,90",60mil+,TOP&CASA,4%,"R$0,84",https://shopee.com.br/product/1397076460/18499795897,https://s.shopee.com.br/3qN3tPcK5U
22893856516,KIT C/09 ou 03 Bloco Para Caixa Acoplada Pedra Sanitária Pastilha Tablete - Limpeza Profunda - ENVIO FULL,"17,99",40mil+,Arara Shop,4%,"R$0,72",https://shopee.com.br/product/1398327824/22893856516,https://s.shopee.com.br/3g3dh6cxQT
7472868414,Adaptador Conector Tipo C para USB 3.0 OTG Conversor Macho USB-C Adaptador de Sincronização-de Dados,"7,49",100mil+,ALFA MERCEARIA.BR,4%,"R$0,30",https://shopee.com.br/product/362859393/7472868414,https://s.shopee.com.br/3VkDUndalS
21399888983,Pote Hermético 2.5L Com Copo Medidor Bico Dosador Cozinha Mantimentos Lavanderia Multiuso Organizado,"17,88",80mil+,Store import‘s,4%,"R$0,72",https://shopee.com.br/product/392545055/21399888983,https://s.shopee.com.br/3LQnIUeE6R
23394827351,Descascador Elétrico De Alho E Uva Em Aço Inox Automático Prático,"59,98",7mil+,rcacomercial,4%,"R$2,40",https://shopee.com.br/product/1377920727/23394827351,https://s.shopee.com.br/4VckgdZmjg
22397711422,Pendrive USB 8GB 16GB 32GB 64GB Cruzer Lâmina 2.0 Flash Drive Memory Stick 4.5 20 Avaliações,"18,60",3mil+,ALFA MERCEARIA.BR,4%,"R$0,74",https://shopee.com.br/product/362859393/22397711422,https://s.shopee.com.br/4LJKUKaQ4f
58210355292,Kit 3 Organizadores Potes Hermetico 850ML/1750ML/3300ML Alimentos E Vegetais Para Geladeira c,"39,99",2mil+,Casa Quentinho,4%,"R$1,60",https://shopee.com.br/product/1005725674/58210355292,https://s.shopee.com.br/4AzuI1b3Pe
22938615241,Hub Usb 3.0 4 Portas 5 Gbps Super Rapido Mouse Teclado Hd,"12,99",30mil+,Jorge.store,4%,"R$0,52",https://shopee.com.br/product/410705973/22938615241,https://s.shopee.com.br/40gU5ibgkd
27731023419,"Unidade flash De Armazenamento De Dados De Alta Velocidade 64MB/256MB/512MB/1GB/4GBgift USB , Adequada Para Computadores","7,68",20mil+,Choice Oficial,4%,"R$0,31",https://shopee.com.br/product/1006215031/27731023419,https://s.shopee.com.br/5AsRTrXFNs
23493890937,Socador de Alho Pilão Almofariz Em Alumínio Tradicional Elegante Para Uma Cozinha Eficiente Triturado de Temperos,"19,99",5mil+,Arara Shop,4%,"R$0,80",https://shopee.com.br/product/1398327824/23493890937,https://s.shopee.com.br/50Z1HYXsir
43963869218,Leitor De Cartão lightnng Para SD Tipo C 2 Em 2,"14,45",5mil+,Choice Oficial,4%,"R$0,58",https://shopee.com.br/product/1006215031/43963869218,https://s.shopee.com.br/4qFb5FYW3q
22597307453,"Mouse sem fio dual band receptor nano 2,4ghz / Bluetooth RGB recarregável MS-S350L","16,98",100mil+,ADS-store,3%,"R$0,51",https://shopee.com.br/product/372103398/22597307453,https://s.shopee.com.br/4fwAswZ9Op
