Offer Name,Offer Period,Commission Rate,Offer Link,Trackable Link_short
W12 Streetwear,"start: 2026-08-04
end: No limit",up to 43%,https://shopee.com.br/shop/1577118374,https://s.shopee.com.br/6fhFH2Ppj0
SuperShopㅤㅤ,"start: 2026-05-17
end: No limit",up to 43%,https://shopee.com.br/shop/401045167,https://s.shopee.com.br/6q0fTLPCO3
Ghmuscle Oficial,"start: 2026-07-28
end: No limit",up to 43%,https://shopee.com.br/shop/1818633939,https://s.shopee.com.br/7fZmSsM1hE
Jouliê Home Decor,"start: 2026-06-23
end: No limit",up to 43%,https://shopee.com.br/shop/280353648,https://s.shopee.com.br/7ptCfBLOMH
REI DAS JOIAS,"start: 2026-02-03
end: No limit",up to 43%,https://shopee.com.br/shop/1446848493,https://s.shopee.com.br/7Kww4GNINC
Kali  Cosmetics,"start: 2025-07-07
end: No limit",up to 43%,https://shopee.com.br/shop/763763141,https://s.shopee.com.br/7VGMGZMf2F
A LOJA DO TORCEDOR®,"start: 2026-03-31
end: No limit",up to 43%,https://shopee.com.br/shop/1044702048,https://s.shopee.com.br/8KpTG6JULQ
AJAGUNÃ ARTIGOS RELIGIOSOS,"start: 2025-08-18
end: No limit",up to 43%,https://shopee.com.br/shop/1473862192,https://s.shopee.com.br/8V8tSPIr0T
Nutraceutika - Vitaminas,"start: 2025-10-09
end: No limit",up to 43%,https://shopee.com.br/shop/1618959187,https://s.shopee.com.br/80CcrUKl1O
Di Piettro - Perfumes e Cosmeticos,"start: 2025-12-11
end: No limit",up to 43%,https://shopee.com.br/shop/422738024,https://s.shopee.com.br/8AW33nK7gR
Loja_arcana,"start: 2024-09-06
end: No limit",up to 43%,https://shopee.com.br/shop/316015535,https://s.shopee.com.br/905A3KGwzc
NewMatt,"start: 2024-09-18
end: No limit",up to 43%,https://shopee.com.br/shop/1234370421,https://s.shopee.com.br/9AOaFdGJef
tia day,"start: 2026-04-18
end: No limit",up to 43%,https://shopee.com.br/shop/1429196005,https://s.shopee.com.br/8fSJeiIDfa
FENIX IRRIGAÇÕES,"start: 2025-10-09
end: No limit",up to 43%,https://shopee.com.br/shop/1304497571,https://s.shopee.com.br/8pljr1HaKd
Scalp Care CosméticoTerapia Capila,"start: 2025-10-22
end: No limit",up to 43%,https://shopee.com.br/shop/1595275150,https://s.shopee.com.br/9fKqqYEPdo
grulldog,"start: 2025-05-25
end: No limit",up to 43%,https://shopee.com.br/shop/1381191494,https://s.shopee.com.br/9peH2rDmIr
Pleno Mobli,"start: 2025-12-03
end: No limit",up to 43%,https://shopee.com.br/shop/1528483859,https://s.shopee.com.br/9Ki0RwFgJm
SALON SHOP,"start: 2025-11-27
end: No limit",up to 43%,https://shopee.com.br/shop/706073326,https://s.shopee.com.br/9V1QeFF2yp
LexMar Laser,"start: 2025-10-16
end: No limit",up to 43%,https://shopee.com.br/shop/1139650317,https://s.shopee.com.br/AKaXdmBsI0
R&A Confecções - Moda Infantil,"start: 2025-08-08
end: No limit",up to 43%,https://shopee.com.br/shop/1176377089,https://s.shopee.com.br/AUtxq5BEx3
Huglar Brasil,"start: 2024-07-03
end: No limit",up to 43%,https://shopee.com.br/shop/1036158344,https://s.shopee.com.br/9zxhFAD8xy
CIELYGANCIE,"start: 2025-04-02
end: No limit",up to 43%,https://shopee.com.br/shop/476943488,https://s.shopee.com.br/AAH7RTCVd1
La Mavie,"start: 2025-05-26
end: No limit",up to 43%,https://shopee.com.br/shop/1510508802,https://s.shopee.com.br/W6bvhnJFA
Gim Concept,"start: 2025-05-13
end: No limit",up to 43%,https://shopee.com.br/shop/572900648,https://s.shopee.com.br/LnBjOnwa9
Lar doce lar tudo que você precisa,"start: 2025-05-21
end: No limit",up to 43%,https://shopee.com.br/shop/778967276,https://s.shopee.com.br/BTlX5oZv8
Pyrgos Store,"start: 2026-01-31
end: No limit",up to 43%,https://shopee.com.br/shop/413924569,https://s.shopee.com.br/1ALKmpDG7
Ímãs & Encantos,"start: 2025-02-04
end: No limit",up to 43%,https://shopee.com.br/shop/1159543003,https://s.shopee.com.br/1BMIivkltM
AuroraCalçados,"start: 2025-01-08
end: No limit",up to 43%,https://shopee.com.br/shop/607230926,https://s.shopee.com.br/112sWclPEL
Mercado Imports,"start: 2025-01-17
end: No limit",up to 43%,https://shopee.com.br/shop/479092299,https://s.shopee.com.br/qjSKJm2ZK
T&S Ondas de Estilo,"start: 2025-09-11
end: No limit","up to 42,26%",https://shopee.com.br/shop/1371962883,https://s.shopee.com.br/gQ280mfuJ
estrelinhababy103,"start: 2026-07-22
end: No limit",up to 42%,https://shopee.com.br/shop/1700901561,https://s.shopee.com.br/1qbzW9iEXY
iGolden Store ,"start: 2025-11-08
end: No limit",up to 42%,https://shopee.com.br/shop/510679075,https://s.shopee.com.br/1gIZJqirsX
FarmesShop,"start: 2024-11-01
end: No limit",up to 42%,https://shopee.com.br/shop/554477260,https://s.shopee.com.br/1Vz97XjVDW
desmontebrasil_oficial,"start: 2026-03-17
end: No limit",up to 42%,https://shopee.com.br/shop/1665895108,https://s.shopee.com.br/1LfivEk8YV
A&S Modas SP,"start: 2025-06-13
end: No limit",up to 42%,https://shopee.com.br/shop/1380436247,https://s.shopee.com.br/2VrgJNfhBk
Vício Fatal,"start: 2025-07-29
end: No limit",up to 42%,https://shopee.com.br/shop/947860467,https://s.shopee.com.br/2LYG74gKWj
Huacai Top,"start: 2025-07-21
end: No limit",up to 42%,https://shopee.com.br/shop/848308583,https://s.shopee.com.br/2BEpulgxri
INDIA CENTER COMERCIO IMPORTACAO E,"start: 2025-09-13
end: No limit",up to 41%,https://shopee.com.br/shop/1523178392,https://s.shopee.com.br/20vPiShbCh
DL auto pecas,"start: 2026-01-13
end: No limit",up to 41%,https://shopee.com.br/shop/1010419941,https://s.shopee.com.br/3B7N6bd9pw
Execuçãojeans,"start: 2024-08-07
end: No limit",up to 41%,https://shopee.com.br/shop/404404240,https://s.shopee.com.br/30nwuIdnAv
Ricardo Calçados,"start: 2025-05-23
end: No limit",up to 41%,https://shopee.com.br/shop/1392157980,https://s.shopee.com.br/2qUWhzeQVu
APOLE,"start: 2025-12-11
end: No limit",up to 41%,https://shopee.com.br/shop/1391542359,https://s.shopee.com.br/2gB6Vgf3qt
Nutrino,"start: 2025-11-23
end: No limit",up to 41%,https://shopee.com.br/shop/1273685383,https://s.shopee.com.br/3qN3tpacU8
Kings Vendas,"start: 2026-04-08
end: No limit",up to 40%,https://shopee.com.br/shop/767986426,https://s.shopee.com.br/3g3dhWbFp7
BELLEAME COSMETICS ᴼᴿᴵᴳᴵᴺᴬᴸ,"start: 2026-08-30
end: No limit",up to 40%,https://shopee.com.br/shop/1259517291,https://s.shopee.com.br/3VkDVDbtA6
CALISHOESOUTLET,"start: 2026-07-21
end: No limit",up to 40%,https://shopee.com.br/shop/1666748632,https://s.shopee.com.br/3LQnIucWV5
Estileto,"start: 2026-08-12
end: No limit",up to 40%,https://shopee.com.br/shop/1733085736,https://s.shopee.com.br/4Vckh3Y58K
Distribuidora Bugate,"start: 2026-07-29
end: No limit",up to 40%,https://shopee.com.br/shop/543295865,https://s.shopee.com.br/4LJKUkYiTJ
CompreUtiliShop,"start: 2026-05-27
end: No limit",up to 40%,https://shopee.com.br/shop/826099347,https://s.shopee.com.br/4AzuIRZLoI
Joalheria Aliança ,"start: 2024-10-15
end: No limit",up to 40%,https://shopee.com.br/shop/378613573,https://s.shopee.com.br/40gU68Zz9H
DUQUESA TRICOT,"start: 2025-10-28
end: No limit",up to 40%,https://shopee.com.br/shop/274526732,https://s.shopee.com.br/5AsRUHVXmW
Flog Utilidades,"start: 2025-10-15
end: No limit",up to 40%,https://shopee.com.br/shop/1252838558,https://s.shopee.com.br/50Z1HyWB7V
ProAtiva Nutrition,"start: 2026-09-04
end: No limit",up to 39%,https://shopee.com.br/shop/935565348,https://s.shopee.com.br/4qFb5fWoSU
Estetifit,"start: 2026-07-27
end: No limit",up to 39%,https://shopee.com.br/shop/995512435,https://s.shopee.com.br/4fwAtMXRnT
palomasqroz,"start: 2025-08-22
end: No limit",up to 39%,https://shopee.com.br/shop/417175753,https://s.shopee.com.br/5q88HVT0Qi
Sunshine Moda,"start: 2026-05-08
end: No limit",up to 39%,https://shopee.com.br/shop/1640895813,https://s.shopee.com.br/5foi5CTdlh
ASI PARTS,"start: 2026-03-18
end: No limit",up to 39%,https://shopee.com.br/shop/353786809,https://s.shopee.com.br/5VVHstUH6g
zabellacosmeticospro,"start: 2026-06-15
end: No limit",up to 39%,https://shopee.com.br/shop/1095775650,https://s.shopee.com.br/5LBrgaUuRf
SEDONA COSMETICOS,"start: 2026-01-16
end: No limit",up to 39%,https://shopee.com.br/shop/1413984709,https://s.shopee.com.br/6VNp4jQT4u
Lá vida cosméticos,"start: 2024-10-10
end: No limit",up to 39%,https://shopee.com.br/shop/315246297,https://s.shopee.com.br/6L4OsQR6Pt
Rafa Calçados Oficial,"start: 2024-05-23
end: No limit",up to 39%,https://shopee.com.br/shop/338109024,https://s.shopee.com.br/6Akyg7Rjks
J&CShopp,"start: 2024-12-12
end: No limit",up to 39%,https://shopee.com.br/shop/1182847141,https://s.shopee.com.br/60RYToSN5r
Pets Cia,"start: 2026-01-22
end: No limit",up to 39%,https://shopee.com.br/shop/590599947,https://s.shopee.com.br/7AdVrxNvj6
CAT STORE SHOES,"start: 2025-08-29
end: No limit",up to 39%,https://shopee.com.br/shop/577997110,https://s.shopee.com.br/70K5feOZ45
Peças a Jato,"start: 2025-01-06
end: No limit",up to 39%,https://shopee.com.br/shop/1106688191,https://s.shopee.com.br/6q0fTLPCP4
Brasalumi artigos para churrasco,"start: 2025-08-17
end: No limit",up to 39%,https://shopee.com.br/shop/456576276,https://s.shopee.com.br/6fhFH2Ppk3
Virá Cosméticos,"start: 2025-07-29
end: No limit",up to 39%,https://shopee.com.br/shop/1509824957,https://s.shopee.com.br/7ptCfBLONI
Magazzini.shope,"start: 2025-10-30
end: No limit",up to 38%,https://shopee.com.br/shop/1095126370,https://s.shopee.com.br/7fZmSsM1iH
Samuel Marcos Personalizados,"start: 2026-08-23
end: No limit",up to 38%,https://shopee.com.br/shop/476366829,https://s.shopee.com.br/7VGMGZMf3G
Planet Suplementos Oficial,"start: 2026-06-09
end: No limit",up to 38%,https://shopee.com.br/shop/1784763666,https://s.shopee.com.br/7Kww4GNIOF
O Barateiro Ferragens 3,"start: 2026-08-26
end: No limit",up to 38%,https://shopee.com.br/shop/1605362607,https://s.shopee.com.br/8V8tSPIr1U
ZAYRON OFICIAL,"start: 2026-01-08
end: No limit",up to 38%,https://shopee.com.br/shop/204993078,https://s.shopee.com.br/8KpTG6JUMT
Shop da Ca,"start: 2026-07-21
end: No limit",up to 38%,https://shopee.com.br/shop/1788702793,https://s.shopee.com.br/8AW33nK7hS
W&C Udi - Home e Pet,"start: 2026-08-09
end: No limit",up to 38%,https://shopee.com.br/shop/944764695,https://s.shopee.com.br/80CcrUKl2R
Loja Kolorido,"start: 2026-08-11
end: No limit",up to 38%,https://shopee.com.br/shop/1874390256,https://s.shopee.com.br/9AOaFdGJfg
Linda Hair Cabelos russo de luxo,"start: 2025-02-18
end: No limit",up to 38%,https://shopee.com.br/shop/778240845,https://s.shopee.com.br/905A3KGx0f
Fábrica-das-Joias,"start: 2025-08-14
end: No limit",up to 38%,https://shopee.com.br/shop/674541556,https://s.shopee.com.br/8pljr1HaLe
sohoacessrioscellpro,"start: 2026-07-28
end: No limit",up to 38%,https://shopee.com.br/shop/1642649859,https://s.shopee.com.br/8fSJeiIDgd
Sjp Personaliza Presentes,"start: 2024-05-12
end: No limit",up to 38%,https://shopee.com.br/shop/359688974,https://s.shopee.com.br/9peH2rDmJs
AZEPET,"start: 2026-06-27
end: No limit",up to 38%,https://shopee.com.br/shop/1550553757,https://s.shopee.com.br/9fKqqYEPer
L R Store,"start: 2025-12-18
end: No limit",up to 38%,https://shopee.com.br/shop/288016281,https://s.shopee.com.br/9V1QeFF2zq
Biagrafi_Online,"start: 2025-01-29
end: No limit",up to 38%,https://shopee.com.br/shop/762414944,https://s.shopee.com.br/9Ki0RwFgKp
ciabatta,"start: 2025-08-01
end: No limit",up to 38%,https://shopee.com.br/shop/835611761,https://s.shopee.com.br/AUtxq5BEy4
Kairós Gráfica Digital,"start: 2025-09-23
end: No limit",up to 38%,https://shopee.com.br/shop/589254120,https://s.shopee.com.br/AKaXdmBsJ3
ED Cabos | Cabo Rede e Informatica,"start: 2026-04-24
end: No limit",up to 38%,https://shopee.com.br/shop/368096955,https://s.shopee.com.br/AAH7RTCVe2
HBS IMPORTADOS,"start: 2025-11-13
end: No limit",up to 38%,https://shopee.com.br/shop/319034520,https://s.shopee.com.br/9zxhFAD8z1
Pulse.shop.acessorios,"start: 2026-01-12
end: No limit",up to 38%,https://shopee.com.br/shop/1584341286,https://s.shopee.com.br/1ALKmpDH6
SoreFit Wear,"start: 2026-04-06
end: No limit",up to 38%,https://shopee.com.br/shop/442838202,https://s.shopee.com.br/BTlX5oZw9
Camisetas El Elyon,"start: 2025-11-14
end: No limit",up to 38%,https://shopee.com.br/shop/1252617361,https://s.shopee.com.br/LnBjOnwbC
VERDE LIMÃO Calçados,"start: 2026-05-26
end: No limit",up to 38%,https://shopee.com.br/shop/671143816,https://s.shopee.com.br/W6bvhnJGF
SJVariedades.,"start: 2026-05-13
end: No limit",up to 38%,https://shopee.com.br/shop/1022139816,https://s.shopee.com.br/gQ280mfvI
Danluck Atacadista ,"start: 2025-10-04
end: No limit",up to 38%,https://shopee.com.br/shop/890638284,https://s.shopee.com.br/qjSKJm2aL
QueroObra,"start: 2025-11-12
end: No limit",up to 38%,https://shopee.com.br/shop/563110312,https://s.shopee.com.br/112sWclPFO
JLF Utilidades Do Lar,"start: 2026-03-18
end: No limit",up to 38%,https://shopee.com.br/shop/1387203333,https://s.shopee.com.br/1BMIivkluR
Mavie Vestidos,"start: 2025-10-27
end: No limit",up to 38%,https://shopee.com.br/shop/369105599,https://s.shopee.com.br/1LfivEk8ZU
LTvariedadess,"start: 2025-12-06
end: No limit",up to 38%,https://shopee.com.br/shop/472838048,https://s.shopee.com.br/1Vz97XjVEX
Pietra Bella Shop,"start: 2025-09-08
end: No limit",up to 38%,https://shopee.com.br/shop/1332711828,https://s.shopee.com.br/1gIZJqirta
Maraká Interiores,"start: 2024-07-01
end: No limit",up to 38%,https://shopee.com.br/shop/412460452,https://s.shopee.com.br/1qbzW9iEYd
Unishop Gontijo,"start: 2025-01-31
end: No limit",up to 38%,https://shopee.com.br/shop/1005407384,https://s.shopee.com.br/20vPiShbDg
mihpersonalizados,"start: 2025-11-06
end: No limit",up to 38%,https://shopee.com.br/shop/1094588238,https://s.shopee.com.br/2BEpulgxsj
